matchId,matchRound,homeTeamName,homeTeamid,awayTeamName,awayTeamid,home_goals,away_goals,ball_possession_home,ball_possession_away,big_chances_home,big_chances_away,big_chances_missed_home,big_chances_missed_away,fouls_home,fouls_away,corners_home,corners_away,total_shots_home,total_shots_away,shots_off_target_home,shots_off_target_away,shots_on_target_home,shots_on_target_away,blocked_shots_home,blocked_shots_away,hit_woodwork_home,hit_woodwork_away,shots_inside_box_home,shots_inside_box_away,shots_outside_box_home,shots_outside_box_away,xG_home,xG_away,xG_open_play_home,xG_open_play_away,xG_set_play_home,xG_set_play_away,xG_non_penalty_home,xG_non_penalty_away,xGOT_home,xGOT_away,passes_home,passes_away,accurate_passes_home,accurate_passes_away,own_half_passes_home,own_half_passes_away,opposition_half_passes_home,opposition_half_passes_away,accurate_long_passes_home,accurate_long_passes_away,accurate_crosses_home,accurate_crosses_away,throws_home,throws_away,touches_opp_box_home,touches_opp_box_away,offsides_home,offsides_away,tackles_won_home,tackles_won_away,interceptions_home,interceptions_away,blocks_home,blocks_away,clearances_home,clearances_away,keeper_saves_home,keeper_saves_away,duel_won_home,duel_won_away,ground_duels_won_home,ground_duels_won_away,aerial_won_home,aerial_won_away,dribbles_succeeded_home,dribbles_succeeded_away,yellow_cards_home,yellow_cards_away,red_cards_home,red_cards_away
4825019,1,Birmingham City,8658,Ipswich Town,9902,1,1,51,49,2,2,1,1,16,22,1,4,11,7,8,5,3,1,0,1,1,0,6,6,5,1,1.13,1.26,0.89,0.43,0.24,0.05,1.13,0.47,1.12,0.81,365,343,276 (76%),271 (79%),182,130,94,141,17 (31%),22 (44%),0 (0%),7 (39%),26,26,14,19,1,0,16,3,7,9,1,0,22,36,0,2,52,43,40 (63%),23 (37%),12 (38%),20 (63%),2 (67%),5 (38%),2,3,0,0
4825020,1,Charlton Athletic,8451,Watford,9817,1,0,42,58,4,1,3,1,6,16,3,2,12,10,4,5,5,1,3,4,0,0,9,4,3,6,1.16,0.72,0.82,0.53,0.34,0.20,1.16,0.72,0.91,0.30,295,411,224 (76%),329 (80%),112,188,112,141,13 (26%),31 (44%),5 (24%),3 (18%),19,19,26,23,0,0,17,10,7,5,4,3,31,33,1,4,50,53,38 (63%),22 (37%),12 (28%),31 (72%),7 (70%),6 (55%),1,2,0,0
4825021,1,Coventry City,8669,Hull City,8667,0,0,58,42,1,1,1,1,7,11,8,2,18,7,8,3,3,3,7,1,1,0,10,5,8,2,1.43,0.43,1.30,0.38,0.13,0.05,1.43,0.43,0.67,0.27,381,295,313 (82%),217 (74%),130,151,183,66,20 (44%),17 (32%),12 (32%),4 (40%),31,20,36,8,1,2,10,23,6,1,1,7,13,39,3,3,40,49,22 (41%),32 (59%),18 (51%),17 (49%),4 (29%),3 (38%),3,3,0,0
4825022,1,Southampton,8466,Wrexham,9841,2,1,75,25,4,4,3,3,12,13,7,3,27,10,10,5,10,2,7,3,1,1,22,6,5,4,4.14,1.88,3.40,0.40,0.74,0.69,4.14,1.09,2.94,1.03,609,204,527 (87%),130 (64%),226,58,301,72,17 (40%),13 (23%),9 (26%),5 (45%),21,11,45,12,1,2,11,19,6,7,3,7,12,44,1,7,51,46,32 (48%),34 (52%),19 (61%),12 (39%),8 (53%),4 (44%),2,2,0,0
4825023,1,Middlesbrough,8549,Swansea City,10003,1,0,54,46,0,0,0,0,15,15,7,2,6,3,1,1,3,1,2,1,1,0,2,1,4,2,0.35,0.10,0.15,0.06,0.19,0.04,0.35,0.10,1.33,0.05,442,376,351 (79%),289 (77%),205,178,146,111,27 (42%),16 (29%),3 (23%),2 (14%),26,25,12,7,0,6,15,31,6,10,1,2,23,34,1,2,55,70,37 (41%),53 (59%),18 (51%),17 (49%),7 (32%),9 (50%),2,5,0,0
4825024,1,Norwich City,9850,Millwall,10004,1,2,58,42,1,2,1,1,5,15,6,5,15,15,8,6,3,3,4,6,0,0,6,9,9,6,1.04,2.09,0.77,0.92,0.27,1.17,1.04,2.09,1.10,0.74,424,284,352 (83%),198 (70%),201,69,151,129,20 (35%),35 (48%),6 (29%),10 (31%),22,28,16,31,1,1,17,24,1,11,6,4,48,34,1,2,52,62,36 (49%),38 (51%),16 (40%),24 (60%),4 (29%),9 (41%),1,4,0,0
4825025,1,Oxford United,8653,Portsmouth,8462,0,1,49,51,2,2,2,2,15,10,8,4,18,9,3,5,4,4,11,0,0,0,13,7,5,2,1.36,1.21,0.25,1.03,1.11,0.18,1.36,1.21,1.78,1.62,299,323,201 (67%),229 (71%),111,135,90,94,23 (34%),22 (34%),5 (22%),7 (50%),35,26,33,24,3,2,22,22,6,3,0,11,27,49,3,4,74,70,40 (48%),43 (52%),34 (56%),27 (44%),9 (60%),6 (43%),1,2,0,0
4825026,1,Queens Park Rangers,10172,Preston North End,8411,1,1,58,42,1,2,1,1,7,9,5,4,13,11,5,5,3,3,5,3,0,0,5,8,8,3,0.94,0.84,0.85,0.46,0.09,0.38,0.94,0.84,0.57,0.62,388,275,298 (77%),191 (69%),168,83,130,108,24 (39%),32 (45%),2 (10%),7 (28%),30,30,21,20,4,4,12,20,6,8,4,5,32,40,1,3,54,51,29 (48%),31 (52%),25 (56%),20 (44%),10 (67%),4 (36%),0,3,0,0
4825027,1,Stoke City,10194,Derby County,10170,3,1,68,32,4,0,2,0,12,14,7,3,12,3,4,1,7,2,1,0,0,0,6,2,6,1,1.09,0.39,1.01,0.25,0.08,0.15,1.09,0.39,2.76,1.05,441,205,381 (86%),125 (61%),213,75,168,50,27 (49%),21 (34%),4 (17%),3 (27%),23,20,15,13,2,2,13,16,2,5,0,1,19,28,1,4,46,51,28 (51%),27 (49%),18 (43%),24 (57%),2 (25%),1 (33%),1,2,0,0
4825028,1,West Bromwich Albion,8659,Blackburn Rovers,8655,1,0,44,56,3,2,2,2,13,13,3,7,13,9,7,6,5,1,1,2,0,0,8,5,5,4,1.19,0.71,0.69,0.07,0.50,0.64,1.19,0.71,1.85,0.10,334,417,261 (78%),330 (79%),160,167,101,163,23 (38%),32 (46%),3 (21%),5 (18%),15,23,17,17,0,0,20,22,10,3,2,1,49,19,1,4,72,70,43 (49%),44 (51%),29 (53%),26 (47%),10 (43%),11 (50%),2,0,1,0
4825029,1,Sheffield United,8657,Bristol City,8427,1,4,74,26,3,3,2,2,10,10,14,3,20,9,6,3,6,5,8,1,0,0,12,6,8,3,2.30,1.30,0.85,1.16,1.45,0.14,2.30,1.30,1.42,1.19,587,207,505 (86%),138 (67%),278,63,227,75,18 (40%),16 (31%),5 (17%),2 (20%),25,12,50,19,2,2,14,20,5,18,1,7,12,46,1,5,46,47,31 (47%),35 (53%),15 (56%),12 (44%),8 (47%),6 (55%),0,0,0,0
4825030,1,Leicester City,8197,Sheffield Wednesday,10163,2,1,75,25,6,0,4,0,6,13,13,3,27,7,9,3,13,3,5,1,0,1,10,7,17,0,2.54,0.62,1.46,0.31,1.08,0.31,2.54,0.62,2.90,1.74,476,162,431 (91%),99 (61%),126,61,305,38,7 (39%),18 (32%),7 (21%),4 (57%),26,17,34,14,0,1,9,25,5,8,1,5,20,32,2,11,56,54,36 (51%),35 (49%),20 (51%),19 (49%),16 (59%),4 (57%),0,0,0,1
4825047,2,Derby County,10170,Coventry City,8669,3,5,48,52,1,4,0,0,14,11,6,5,13,20,5,6,4,10,4,4,0,1,5,15,8,5,1.43,3.24,0.15,0.94,0.49,1.52,0.64,2.45,2.12,5.22,308,352,237 (77%),281 (80%),134,151,103,130,24 (50%),21 (36%),5 (23%),4 (21%),21,21,16,37,2,1,17,16,1,2,4,3,42,37,5,1,54,53,33 (51%),32 (49%),21 (50%),21 (50%),6 (60%),3 (38%),2,5,0,0
4825051,2,Portsmouth,8462,Norwich City,9850,1,2,58,42,2,3,2,1,8,13,9,0,19,11,9,6,3,5,7,0,1,0,8,7,11,4,1.76,1.96,0.38,0.76,0.60,1.20,0.97,1.96,1.06,2.19,459,353,343 (75%),236 (67%),188,147,155,89,29 (38%),20 (22%),6 (17%),3 (43%),26,22,31,15,3,1,12,19,4,7,0,7,25,44,2,2,76,54,31 (46%),36 (54%),45 (71%),18 (29%),6 (38%),10 (59%),3,3,0,0
4825056,2,Wrexham,9841,West Bromwich Albion,8659,2,3,51,49,5,2,4,1,5,7,5,5,15,17,10,8,3,5,2,4,0,0,13,15,2,2,2.01,2.37,1.12,2.07,0.89,0.29,2.01,2.37,1.99,2.52,489,484,415 (85%),418 (86%),222,231,193,187,36 (55%),21 (41%),11 (42%),8 (47%),21,12,20,31,2,1,20,12,7,5,3,2,15,22,2,1,55,41,31 (56%),24 (44%),24 (59%),17 (41%),4 (40%),7 (44%),2,0,0,0
4825045,2,Blackburn Rovers,8655,Birmingham City,8658,1,2,41,59,0,3,0,1,14,13,3,5,5,8,2,2,2,4,1,2,0,0,5,4,0,4,0.43,2.00,0.16,0.83,0.26,0.38,0.43,1.21,0.78,2.07,295,428,203 (69%),362 (85%),125,189,78,173,15 (26%),15 (38%),8 (53%),4 (17%),34,27,24,17,3,0,18,15,9,13,2,1,36,37,2,1,55,57,37 (49%),39 (51%),18 (50%),18 (50%),7 (39%),10 (63%),1,2,0,0
4825046,2,Bristol City,8427,Charlton Athletic,8451,0,0,58,42,1,1,1,1,9,13,4,6,14,8,5,5,1,2,8,1,1,0,4,6,10,2,0.73,0.96,0.43,0.81,0.30,0.15,0.73,0.96,0.04,0.66,396,276,295 (74%),181 (66%),154,82,141,99,15 (25%),22 (32%),2 (17%),3 (16%),32,22,17,15,1,1,14,15,9,10,1,8,44,26,3,1,55,61,31 (54%),26 (46%),24 (41%),35 (59%),6 (46%),3 (27%),0,1,0,0
4825050,2,Millwall,10004,Middlesbrough,8549,0,3,45,55,2,2,2,0,16,11,5,10,11,12,6,3,1,5,4,4,1,0,7,7,4,5,0.60,0.99,0.57,0.69,0.03,0.30,0.60,0.99,0.00,1.72,332,410,245 (74%),326 (80%),145,196,100,130,23 (46%),17 (29%),7 (33%),4 (24%),24,17,18,25,4,2,25,20,8,5,4,5,26,31,2,0,58,58,39 (47%),44 (53%),19 (58%),14 (42%),5 (33%),9 (41%),4,5,0,0
4825052,2,Preston North End,8411,Leicester City,8197,2,1,40,60,3,1,1,1,11,7,6,4,14,14,8,4,4,2,2,8,0,1,10,7,4,7,2.48,0.92,2.03,0.75,0.45,0.18,2.48,0.92,2.09,1.17,267,417,191 (72%),357 (86%),94,152,97,205,23 (36%),14 (39%),8 (32%),9 (36%),23,26,22,35,2,0,25,11,9,8,6,2,27,23,1,2,52,42,37 (57%),28 (43%),15 (52%),14 (48%),5 (50%),6 (27%),2,0,0,0
4825053,2,Sheffield Wednesday,10163,Stoke City,10194,0,3,54,46,1,5,1,3,12,10,6,7,15,12,8,4,5,6,2,2,0,1,13,7,2,5,1.50,2.06,1.43,1.97,0.07,0.09,1.50,2.06,1.15,2.19,372,323,297 (80%),239 (74%),179,133,118,106,28 (44%),18 (32%),10 (43%),4 (27%),26,18,31,18,1,6,8,17,12,4,3,2,39,24,2,5,47,59,27 (42%),37 (58%),20 (48%),22 (52%),10 (50%),8 (57%),0,3,0,0
4825054,2,Swansea City,10003,Sheffield United,8657,1,0,56,44,1,1,1,1,13,14,4,8,13,8,4,2,4,0,5,6,0,0,9,5,4,3,1.34,0.58,1.03,0.02,0.31,0.56,1.34,0.58,1.18,0.00,399,313,333 (83%),238 (76%),196,141,137,97,33 (49%),17 (32%),3 (17%),3 (16%),32,19,17,21,3,0,18,16,11,8,6,5,31,26,0,3,51,47,37 (54%),31 (46%),14 (47%),16 (53%),6 (50%),2 (20%),1,3,0,0
4825055,2,Watford,9817,Queens Park Rangers,10172,2,1,46,54,3,0,1,0,9,9,2,4,17,13,9,6,4,3,4,4,0,0,8,5,9,8,2.06,0.50,1.96,0.34,0.10,0.16,2.06,0.50,2.26,1.00,402,461,331 (82%),393 (85%),217,195,114,198,21 (33%),30 (56%),4 (25%),7 (30%),24,11,19,12,4,2,11,15,8,4,4,4,26,24,2,2,45,50,31 (53%),27 (47%),14 (38%),23 (62%),11 (61%),3 (43%),1,2,1,0
4825049,2,Ipswich Town,9902,Southampton,8466,1,1,50,50,2,1,2,0,7,20,4,5,14,11,10,5,1,3,3,3,1,0,12,6,2,5,1.64,0.75,0.94,0.61,0.70,0.15,1.64,0.75,0.08,0.49,339,353,269 (79%),285 (81%),152,159,117,126,21 (48%),30 (57%),10 (38%),3 (15%),32,18,29,17,3,0,12,15,7,7,2,3,29,25,2,1,52,36,40 (59%),28 (41%),12 (60%),8 (40%),10 (77%),6 (46%),2,2,0,0
4825048,2,Hull City,8667,Oxford United,8653,3,2,75,25,3,1,2,1,7,8,10,4,19,11,2,3,7,6,10,2,0,0,11,7,8,4,1.91,1.02,1.75,0.78,0.16,0.24,1.91,1.02,2.15,1.54,629,204,554 (88%),131 (64%),316,66,238,65,37 (66%),16 (32%),8 (31%),2 (14%),19,20,39,15,2,2,11,20,6,9,2,10,42,42,4,4,44,51,29 (47%),33 (53%),15 (45%),18 (55%),10 (45%),6 (43%),1,1,0,0
4825060,3,Derby County,10170,Bristol City,8427,1,1,52,48,1,0,0,0,15,5,4,5,5,11,1,4,2,3,2,4,0,0,4,8,1,3,0.50,0.74,0.37,0.47,0.14,0.26,0.50,0.74,1.02,1.07,487,448,398 (82%),365 (81%),290,185,108,180,18 (35%),11 (24%),4 (24%),2 (18%),27,20,16,14,2,1,14,14,9,13,4,2,21,35,2,1,55,62,27 (46%),32 (54%),28 (48%),30 (52%),9 (69%),5 (42%),3,0,0,0
4825058,3,Charlton Athletic,8451,Leicester City,8197,0,1,45,55,2,0,2,0,18,9,13,4,20,6,5,2,7,2,8,2,0,0,16,5,4,1,1.62,0.49,0.56,0.14,1.06,0.36,1.62,0.49,0.81,0.97,282,380,206 (73%),305 (80%),91,191,115,114,13 (30%),24 (46%),13 (35%),3 (27%),22,18,41,15,2,0,22,15,13,5,2,9,22,44,1,6,60,63,35 (46%),41 (54%),25 (53%),22 (47%),4 (44%),8 (42%),2,1,0,0
4825061,3,Hull City,8667,Blackburn Rovers,8655,0,3,50,50,0,5,0,2,18,19,2,1,8,14,2,7,2,6,4,1,0,1,4,13,4,1,0.52,3.03,0.18,2.09,0.34,0.94,0.52,3.03,0.38,2.18,429,437,347 (81%),362 (83%),188,162,159,200,35 (54%),19 (39%),3 (25%),5 (38%),20,16,22,27,1,2,21,19,8,11,1,3,17,30,3,3,80,63,52 (54%),45 (46%),28 (61%),18 (39%),12 (48%),8 (44%),3,3,0,0
4825066,3,Swansea City,10003,Watford,9817,1,1,58,42,1,1,1,1,11,17,7,2,11,9,6,1,2,4,3,4,1,1,5,5,6,4,0.68,0.41,0.61,0.24,0.07,0.17,0.68,0.41,0.98,0.68,412,300,306 (74%),215 (72%),160,123,146,92,18 (35%),26 (38%),3 (15%),5 (29%),26,25,15,20,6,1,21,15,4,10,4,3,28,39,3,1,64,64,41 (54%),35 (46%),23 (44%),29 (56%),4 (40%),9 (47%),3,5,0,0
4825057,3,Birmingham City,8658,Oxford United,8653,1,0,66,34,3,0,3,0,11,17,4,1,16,6,11,4,1,1,4,1,0,0,10,2,6,4,1.65,0.38,1.58,0.34,0.07,0.04,1.65,0.38,0.47,0.06,579,299,508 (88%),214 (72%),255,144,253,70,22 (51%),20 (35%),6 (26%),1 (13%),33,23,21,5,2,5,26,24,5,17,1,4,26,33,1,0,61,53,48 (55%),40 (45%),13 (50%),13 (50%),6 (35%),5 (28%),0,0,0,0
4825059,3,Coventry City,8669,Queens Park Rangers,10172,7,1,53,47,1,1,0,0,15,8,9,4,19,10,4,5,8,1,7,4,0,0,11,5,8,5,1.27,0.61,1.06,0.21,0.21,0.40,1.27,0.61,3.13,0.94,401,363,321 (80%),274 (75%),167,189,154,85,18 (35%),24 (39%),0 (0%),5 (50%),23,15,41,20,2,4,9,19,10,6,4,6,19,31,0,1,51,51,25 (40%),38 (60%),26 (67%),13 (33%),8 (44%),6 (60%),1,2,0,0
4825062,3,Norwich City,9850,Middlesbrough,8549,1,2,59,41,2,4,1,3,11,14,5,3,14,11,6,5,3,4,5,2,1,0,10,6,4,5,1.18,1.51,1.17,1.49,0.01,0.02,1.18,1.51,0.33,1.88,563,391,483 (86%),319 (82%),288,171,195,148,19 (40%),13 (31%),3 (20%),2 (20%),13,18,18,26,6,3,23,22,10,7,2,4,16,23,2,2,56,46,49 (58%),36 (42%),7 (41%),10 (59%),12 (52%),3 (18%),0,3,1,0
4825063,3,Preston North End,8411,Ipswich Town,9902,1,0,28,72,1,2,0,2,14,5,3,6,2,15,1,7,1,2,0,6,0,0,2,4,0,11,0.84,1.39,0.05,0.82,0.00,0.57,0.05,1.39,0.67,0.24,219,570,132 (60%),487 (85%),96,221,36,266,9 (15%),29 (54%),4 (44%),5 (20%),18,28,11,23,2,5,22,15,9,5,6,0,38,15,2,0,39,56,29 (44%),37 (56%),10 (34%),19 (66%),3 (38%),9 (41%),6,2,0,0
4825064,3,Sheffield United,8657,Millwall,10004,0,1,62,38,1,1,1,0,11,16,8,7,14,17,7,8,4,6,3,3,1,0,7,8,7,9,1.30,1.40,0.54,0.66,0.76,0.74,1.30,1.40,0.48,2.15,484,302,391 (81%),196 (65%),195,87,196,109,28 (43%),19 (27%),6 (38%),3 (21%),30,14,24,27,0,5,12,12,2,9,3,5,41,32,5,2,62,53,34 (58%),25 (42%),28 (50%),28 (50%),6 (40%),2 (67%),5,2,0,0
4825065,3,Southampton,8466,Stoke City,10194,1,2,65,35,4,3,3,2,6,12,7,3,18,12,10,4,2,4,6,4,2,0,13,7,5,5,2.59,1.50,2.18,1.35,0.41,0.15,2.59,1.50,0.56,1.96,457,257,396 (87%),189 (74%),175,92,221,97,16 (40%),24 (44%),11 (25%),2 (11%),18,18,33,14,2,1,13,9,6,5,4,5,28,40,2,1,42,48,29 (59%),20 (41%),13 (32%),28 (68%),5 (63%),6 (55%),1,3,0,1
4825067,3,West Bromwich Albion,8659,Portsmouth,8462,1,1,64,36,1,2,1,2,10,16,2,3,13,8,5,3,3,4,5,1,1,0,6,5,7,3,0.59,0.94,0.31,0.84,0.28,0.10,0.59,0.94,1.31,1.05,650,357,582 (90%),292 (82%),349,169,233,123,21 (40%),17 (33%),3 (18%),4 (21%),13,8,19,7,3,2,6,18,6,5,1,5,24,29,3,2,48,48,29 (48%),32 (52%),19 (54%),16 (46%),7 (64%),4 (67%),2,5,0,0
4825068,3,Wrexham,9841,Sheffield Wednesday,10163,2,2,47,53,2,4,1,3,7,8,3,9,11,21,5,3,4,7,2,11,0,0,9,18,2,3,1.30,2.67,1.02,2.23,0.28,0.44,1.30,2.67,1.12,1.95,379,431,299 (79%),337 (78%),184,149,115,188,31 (47%),20 (34%),5 (29%),6 (35%),18,22,16,41,4,0,21,16,10,4,11,2,38,17,5,2,63,44,39 (53%),34 (47%),24 (71%),10 (29%),10 (50%),11 (48%),0,0,0,0
4825072,4,Leicester City,8197,Birmingham City,8658,2,0,45,55,1,2,0,2,11,16,1,7,5,11,3,4,2,1,0,6,0,0,4,8,1,3,0.67,0.90,0.54,0.44,0.13,0.46,0.67,0.90,1.72,0.17,380,453,291 (77%),374 (83%),190,197,101,177,11 (22%),24 (49%),3 (75%),3 (16%),29,30,12,24,0,1,20,21,9,13,6,0,31,21,1,0,51,55,43 (52%),39 (48%),8 (33%),16 (67%),7 (44%),8 (44%),3,3,0,0
4825073,4,Middlesbrough,8549,Sheffield United,8657,1,0,47,53,1,3,1,3,5,13,5,8,15,8,3,4,6,0,6,4,1,0,10,3,5,5,1.48,0.64,1.38,0.40,0.10,0.24,1.48,0.64,0.55,0.00,463,504,389 (84%),437 (87%),189,236,200,201,22 (46%),17 (34%),2 (20%),2 (13%),18,21,41,15,0,1,20,10,5,10,3,6,25,23,0,5,61,29,46 (65%),25 (35%),15 (79%),4 (21%),13 (76%),10 (53%),0,3,0,0
4825077,4,Queens Park Rangers,10172,Charlton Athletic,8451,3,1,44,56,3,1,1,1,16,7,1,2,13,13,4,6,6,3,3,4,1,1,7,7,6,6,1.43,0.84,1.02,0.66,0.40,0.18,1.43,0.84,1.80,0.83,318,382,204 (64%),271 (71%),107,160,97,111,22 (30%),29 (36%),2 (29%),6 (26%),18,22,22,15,2,2,19,8,6,6,4,3,40,22,2,3,67,73,29 (52%),27 (48%),38 (45%),46 (55%),3 (50%),4 (33%),2,2,0,0
4825079,4,Stoke City,10194,West Bromwich Albion,8659,0,1,52,48,1,1,1,0,7,11,5,5,13,12,4,7,3,3,6,2,1,0,9,8,4,4,0.95,0.66,0.74,0.28,0.22,0.38,0.95,0.66,0.20,0.98,427,411,355 (83%),350 (85%),208,206,147,144,20 (38%),18 (37%),5 (17%),5 (33%),31,15,15,18,3,0,15,21,5,6,2,6,10,47,2,3,38,50,30 (48%),33 (52%),8 (32%),17 (68%),5 (28%),5 (56%),2,2,0,0
4825069,4,Blackburn Rovers,8655,Norwich City,9850,0,2,46,54,3,3,3,2,9,7,3,9,12,15,6,7,3,4,3,4,1,0,9,9,3,6,1.92,2.09,1.66,1.15,0.26,0.15,1.92,1.30,1.35,1.44,368,432,299 (81%),365 (84%),165,195,134,170,31 (56%),19 (42%),5 (31%),5 (31%),21,22,19,28,6,1,18,13,8,12,4,3,23,17,2,3,43,37,28 (51%),27 (49%),15 (60%),10 (40%),4 (50%),7 (39%),2,0,1,0
4825070,4,Bristol City,8427,Hull City,8667,4,2,56,44,6,5,2,3,7,8,8,5,29,20,9,3,5,9,15,8,3,0,21,16,8,4,3.49,2.60,3.33,2.45,0.16,0.15,3.49,2.60,3.50,2.21,451,360,371 (82%),269 (75%),131,138,240,131,15 (34%),31 (44%),8 (31%),7 (41%),16,28,51,33,1,3,19,15,9,10,7,15,31,32,7,1,51,46,33 (52%),31 (48%),18 (55%),15 (45%),6 (46%),9 (50%),1,1,0,0
4825071,4,Ipswich Town,9902,Derby County,10170,2,2,69,31,5,3,3,1,14,14,6,3,18,10,8,2,5,2,5,6,1,0,13,6,5,4,2.91,1.48,0.81,0.47,1.31,0.22,2.12,0.70,2.40,1.21,477,214,391 (82%),127 (59%),128,68,263,59,22 (42%),15 (24%),6 (21%),2 (18%),22,16,40,11,0,0,9,20,4,6,5,4,33,47,0,4,57,53,30 (48%),32 (52%),27 (56%),21 (44%),8 (38%),2 (22%),2,7,0,0
4825074,4,Millwall,10004,Wrexham,9841,0,2,60,40,1,3,1,1,10,13,5,2,21,6,14,2,2,3,5,1,0,0,14,5,7,1,1.96,0.53,1.59,0.53,0.37,0.00,1.96,0.53,0.92,1.21,465,316,369 (79%),227 (72%),152,128,217,99,35 (55%),29 (41%),7 (24%),3 (25%),23,22,42,7,0,0,13,14,8,10,1,5,16,47,1,3,57,45,36 (59%),25 (41%),21 (51%),20 (49%),10 (63%),3 (30%),1,3,0,0
4825075,4,Oxford United,8653,Coventry City,8669,2,2,36,64,2,4,1,3,13,10,0,5,14,15,10,7,3,6,1,2,0,1,9,10,5,5,1.04,1.74,0.64,1.44,0.40,0.30,1.04,1.74,1.02,1.55,286,495,189 (66%),401 (81%),93,192,96,209,23 (38%),23 (41%),4 (40%),3 (13%),15,23,20,41,5,4,15,6,11,11,2,1,40,16,4,1,49,43,32 (50%),32 (50%),17 (61%),11 (39%),8 (73%),13 (62%),1,2,0,0
4825076,4,Portsmouth,8462,Preston North End,8411,1,0,39,61,2,0,2,0,11,7,6,4,10,13,6,8,2,2,2,3,0,0,6,10,4,3,1.58,1.01,1.28,0.71,0.30,0.30,1.58,1.01,0.87,0.49,283,442,189 (67%),327 (74%),94,183,95,144,26 (35%),31 (33%),2 (12%),7 (19%),23,40,17,28,5,3,17,15,11,8,2,2,38,26,2,1,41,51,28 (46%),33 (54%),13 (42%),18 (58%),4 (31%),7 (70%),1,2,0,0
4825078,4,Sheffield Wednesday,10163,Swansea City,10003,0,2,36,64,0,1,0,0,14,10,2,7,9,17,6,5,1,8,2,4,0,0,5,11,4,6,0.45,1.31,0.38,1.13,0.07,0.19,0.45,1.31,0.10,1.60,322,570,257 (80%),498 (87%),149,298,108,200,22 (46%),23 (47%),1 (8%),7 (32%),25,16,14,25,1,1,9,11,17,9,4,2,22,32,6,1,34,37,25 (48%),27 (52%),9 (47%),10 (53%),6 (46%),2 (40%),0,2,0,0
4825080,4,Watford,9817,Southampton,8466,2,2,55,45,1,3,0,2,14,12,4,5,10,12,5,2,4,7,1,3,0,0,5,8,5,4,0.55,1.81,0.43,0.71,0.12,1.11,0.55,1.81,1.08,2.56,398,331,320 (80%),256 (77%),208,138,112,118,26 (40%),12 (26%),2 (11%),3 (19%),11,21,17,14,1,5,11,15,5,4,3,1,28,27,5,2,43,45,28 (44%),35 (56%),15 (60%),10 (40%),5 (45%),7 (70%),2,5,0,0
4825083,5,Ipswich Town,9902,Sheffield United,8657,5,0,47,53,3,0,2,0,11,15,3,5,21,10,7,6,11,2,3,2,0,0,15,7,6,3,2.33,0.42,2.02,0.23,0.31,0.20,2.33,0.42,3.25,0.38,388,426,307 (79%),326 (77%),180,153,127,173,19 (44%),12 (20%),3 (25%),3 (12%),11,28,28,21,1,0,15,15,11,9,2,3,39,18,2,6,60,46,35 (51%),34 (49%),25 (68%),12 (32%),6 (50%),7 (54%),0,2,0,0
4825081,5,Charlton Athletic,8451,Millwall,10004,1,1,36,64,0,1,0,1,12,18,3,4,14,15,6,4,3,3,5,8,0,0,10,10,4,5,0.73,1.03,0.35,0.77,0.37,0.26,0.73,1.03,0.43,0.46,230,420,126 (55%),297 (71%),48,110,78,187,7 (11%),17 (25%),2 (10%),9 (36%),29,28,18,29,1,0,13,15,4,4,7,5,42,38,2,2,61,65,34 (52%),31 (48%),27 (44%),34 (56%),5 (63%),5 (50%),1,1,1,0
4825084,5,Oxford United,8653,Leicester City,8197,2,2,55,45,2,1,1,0,10,11,4,4,19,8,9,2,2,5,8,1,1,0,8,7,11,1,2.10,0.84,1.64,0.71,0.46,0.14,2.10,0.84,1.09,1.64,484,410,424 (88%),346 (84%),179,248,245,98,19 (48%),12 (29%),4 (16%),1 (10%),25,16,23,14,2,4,11,16,4,7,1,8,13,31,3,1,42,46,31 (44%),40 (56%),11 (65%),6 (35%),9 (50%),15 (63%),1,2,0,1
4825085,5,Preston North End,8411,Middlesbrough,8549,2,2,39,61,1,3,1,3,13,7,3,4,7,14,3,3,2,3,2,8,0,0,5,9,2,5,0.75,1.52,0.53,1.03,0.22,0.49,0.75,1.52,1.36,2.09,296,476,213 (72%),395 (83%),132,193,81,202,16 (28%),15 (31%),3 (19%),1 (6%),26,25,20,34,0,2,28,21,7,5,8,2,32,27,1,0,57,62,43 (49%),44 (51%),14 (44%),18 (56%),9 (47%),10 (48%),1,3,0,0
4825082,5,Coventry City,8669,Norwich City,9850,1,1,64,36,7,0,6,0,12,7,11,2,28,4,9,2,4,1,15,1,1,0,19,4,9,0,3.68,0.18,2.64,0.16,1.04,0.02,3.68,0.18,1.86,0.59,511,287,429 (84%),204 (71%),163,107,266,97,28 (46%),22 (36%),13 (34%),2 (13%),31,13,52,10,3,4,9,17,5,10,1,15,28,48,0,3,38,45,22 (38%),36 (62%),16 (64%),9 (36%),6 (38%),8 (62%),2,6,0,0
4825086,5,Sheffield Wednesday,10163,Bristol City,8427,0,3,50,50,1,4,1,2,19,9,4,1,6,9,3,5,0,4,3,0,0,1,5,7,1,2,0.83,1.39,0.70,1.07,0.13,0.32,0.83,1.39,0.00,0.55,380,398,251 (66%),291 (73%),131,138,120,153,25 (32%),17 (28%),2 (13%),1 (14%),32,20,10,24,1,3,25,17,11,7,0,3,13,32,2,0,59,74,38 (48%),42 (53%),21 (40%),32 (60%),3 (23%),8 (57%),2,0,0,0
4825088,5,Stoke City,10194,Birmingham City,8658,1,0,42,58,1,0,1,0,11,11,5,3,8,7,3,3,3,0,2,4,1,0,8,5,0,2,0.49,0.52,0.22,0.52,0.27,0.00,0.49,0.52,1.12,0.00,341,471,248 (73%),375 (80%),131,228,117,147,27 (39%),14 (29%),5 (29%),2 (9%),24,24,20,23,6,1,14,14,8,4,4,2,25,24,0,2,44,44,32 (52%),29 (48%),12 (44%),15 (56%),8 (47%),5 (42%),3,1,0,0
4825089,5,Swansea City,10003,Hull City,8667,2,2,65,35,1,3,0,1,8,5,5,2,9,15,6,2,2,6,1,7,0,0,6,14,3,1,1.00,1.61,0.91,1.52,0.09,0.09,1.00,1.61,1.39,2.59,599,307,505 (84%),211 (69%),276,107,229,104,32 (42%),40 (51%),5 (26%),8 (36%),30,24,14,30,2,1,14,17,4,6,6,1,30,26,4,0,51,50,28 (47%),31 (53%),23 (55%),19 (45%),9 (60%),6 (50%),1,1,0,0
4825090,5,Watford,9817,Blackburn Rovers,8655,0,1,51,49,0,3,0,2,12,14,5,7,14,14,7,4,1,5,6,5,0,1,8,9,6,5,0.75,1.45,0.33,1.08,0.42,0.37,0.75,1.45,0.02,1.88,347,333,273 (79%),237 (71%),154,103,119,134,18 (43%),18 (33%),5 (28%),9 (45%),27,27,24,25,4,0,14,33,10,3,5,6,31,33,4,1,53,73,36 (41%),51 (59%),17 (44%),22 (56%),9 (29%),6 (43%),1,2,0,0
4825091,5,West Bromwich Albion,8659,Derby County,10170,0,1,68,32,1,0,1,0,8,10,11,0,18,4,6,2,4,1,8,1,1,0,15,3,3,1,1.15,0.32,0.81,0.30,0.34,0.02,1.15,0.32,0.51,0.20,595,297,522 (88%),208 (70%),196,153,326,55,26 (54%),17 (29%),9 (18%),2 (20%),16,15,32,9,2,0,9,13,8,10,1,7,16,47,0,4,44,55,24 (48%),26 (52%),20 (41%),29 (59%),6 (60%),5 (56%),1,2,0,0
4825092,5,Wrexham,9841,Queens Park Rangers,10172,1,3,61,39,4,4,3,3,5,10,12,9,21,15,5,5,8,6,8,4,0,1,16,8,5,7,2.02,1.43,1.49,1.01,0.54,0.42,2.02,1.43,1.60,2.61,456,307,366 (80%),221 (72%),172,92,194,129,37 (49%),23 (46%),11 (28%),1 (6%),13,18,41,32,3,2,20,10,7,6,4,9,24,43,4,6,59,35,38 (68%),18 (32%),21 (55%),17 (45%),9 (75%),3 (23%),1,0,0,0
4825087,5,Southampton,8466,Portsmouth,8462,0,0,60,40,1,1,1,1,16,14,7,5,9,10,3,7,1,1,5,2,0,1,6,5,3,5,1.18,0.94,1.06,0.80,0.12,0.14,1.18,0.94,0.88,0.05,437,293,343 (78%),210 (72%),204,102,139,108,25 (34%),21 (36%),8 (29%),2 (9%),26,23,20,12,1,1,6,14,9,9,2,4,31,39,1,1,41,51,26 (43%),34 (57%),15 (47%),17 (53%),6 (46%),4 (50%),4,2,0,0
4825099,6,Middlesbrough,8549,West Bromwich Albion,8659,2,1,41,59,2,2,0,1,3,7,2,3,9,15,4,6,4,3,1,6,0,0,4,9,5,6,1.00,0.95,0.60,0.44,0.40,0.50,1.00,0.95,1.49,0.99,434,600,357 (82%),542 (90%),225,250,132,292,13 (28%),30 (63%),1 (13%),4 (13%),19,20,16,23,1,5,15,13,5,11,5,1,31,19,2,2,51,36,36 (65%),19 (35%),15 (47%),17 (53%),14 (64%),3 (33%),0,0,0,0
4825093,6,Birmingham City,8658,Swansea City,10003,1,0,50,50,5,2,5,2,13,11,7,2,23,9,8,5,7,2,8,2,0,0,12,6,11,3,2.41,1.43,2.10,1.39,0.31,0.04,2.41,1.43,2.02,0.59,379,387,276 (73%),277 (72%),153,182,123,95,21 (34%),21 (30%),8 (33%),4 (67%),16,25,35,11,3,3,8,13,14,11,2,8,13,37,2,5,63,51,32 (48%),35 (52%),31 (66%),16 (34%),13 (76%),9 (69%),5,4,0,0
4825098,6,Leicester City,8197,Coventry City,8669,0,0,58,42,3,0,3,0,8,11,10,3,17,11,2,6,9,3,6,2,0,0,10,10,7,1,1.22,0.41,1.02,0.17,0.20,0.24,1.22,0.41,1.47,0.61,552,372,494 (89%),315 (85%),258,156,236,159,23 (53%),17 (41%),3 (19%),4 (15%),14,13,24,26,2,1,13,18,4,11,2,6,41,16,3,9,50,41,36 (55%),29 (45%),14 (54%),12 (46%),12 (52%),3 (25%),0,3,0,0
4825103,6,Queens Park Rangers,10172,Stoke City,10194,1,0,35,65,3,1,3,1,8,13,3,6,14,7,5,3,7,1,2,3,0,1,8,4,6,3,1.33,1.09,1.05,1.09,0.28,0.00,1.33,1.09,1.75,0.00,244,440,170 (70%),376 (85%),78,222,92,154,18 (31%),33 (52%),2 (22%),5 (20%),15,23,19,17,1,1,17,15,6,12,4,1,35,28,0,6,47,45,32 (52%),29 (48%),15 (48%),16 (52%),4 (33%),8 (53%),5,3,0,0
4825096,6,Derby County,10170,Preston North End,8411,0,1,48,52,2,1,2,1,10,7,3,4,7,10,3,3,2,6,2,1,0,0,4,5,3,5,0.34,0.90,0.32,0.72,0.03,0.18,0.34,0.90,0.31,1.23,407,461,318 (78%),359 (78%),190,203,128,156,28 (51%),19 (31%),4 (17%),3 (21%),29,23,21,15,4,1,15,12,8,8,1,2,19,31,5,2,41,44,27 (51%),26 (49%),14 (44%),18 (56%),5 (42%),5 (38%),2,2,0,0
4825097,6,Hull City,8667,Southampton,8466,3,1,29,71,3,1,0,1,15,10,1,6,11,14,4,6,4,4,3,4,0,0,8,9,3,5,2.13,1.07,1.78,0.93,0.34,0.14,2.13,1.07,2.25,1.04,252,612,178 (71%),535 (87%),112,223,66,312,23 (42%),24 (49%),4 (36%),4 (13%),11,26,19,26,1,2,16,10,5,6,4,3,42,19,3,1,51,52,32 (46%),37 (54%),19 (56%),15 (44%),7 (54%),12 (55%),5,3,0,0
4825101,6,Norwich City,9850,Wrexham,9841,2,3,62,38,4,3,2,2,6,9,2,3,14,11,4,3,5,8,5,0,0,1,9,6,5,5,2.34,1.30,1.83,1.10,0.51,0.20,2.34,1.30,1.52,2.69,571,352,490 (86%),271 (77%),275,146,215,125,32 (54%),36 (51%),6 (30%),4 (24%),21,20,30,11,1,2,15,23,9,13,0,5,18,28,5,3,53,49,35 (53%),31 (47%),18 (50%),18 (50%),11 (44%),4 (33%),1,3,0,0
4825102,6,Portsmouth,8462,Sheffield Wednesday,10163,0,2,70,30,1,2,1,1,5,10,11,5,25,13,6,1,5,8,14,4,0,0,19,8,6,5,1.74,1.07,0.78,0.52,0.96,0.55,1.74,1.07,0.68,1.53,494,220,387 (78%),125 (57%),181,58,206,67,30 (42%),17 (25%),11 (25%),6 (38%),36,18,38,18,3,1,5,22,4,13,3,15,16,61,6,4,44,55,19 (36%),34 (64%),25 (54%),21 (46%),6 (46%),7 (70%),1,4,0,0
4825104,6,Sheffield United,8657,Charlton Athletic,8451,0,1,63,37,0,3,0,2,14,18,6,1,13,13,5,5,1,4,7,4,0,0,5,9,8,4,0.60,0.77,0.49,0.65,0.10,0.12,0.60,0.77,0.01,0.35,436,255,342 (78%),157 (62%),155,60,187,97,19 (30%),16 (27%),4 (14%),4 (21%),24,25,21,31,1,2,12,13,8,9,4,7,40,34,3,1,71,59,37 (54%),32 (46%),34 (56%),27 (44%),9 (47%),6 (43%),1,3,0,0
4825095,6,Bristol City,8427,Oxford United,8653,1,3,59,41,2,5,2,3,15,14,8,5,12,18,6,7,2,6,4,5,0,1,8,13,4,5,1.18,1.72,0.64,0.78,0.54,0.93,1.18,1.72,0.23,1.79,420,290,329 (78%),198 (68%),175,77,154,121,19 (41%),16 (23%),7 (28%),8 (44%),23,27,24,21,5,3,12,17,7,13,5,4,27,29,3,1,50,54,27 (42%),38 (58%),23 (59%),16 (41%),2 (20%),6 (86%),4,1,0,0
4825100,6,Millwall,10004,Watford,9817,1,0,39,61,2,2,2,2,11,9,7,4,9,11,5,4,2,4,2,3,0,0,5,5,4,6,0.73,0.91,0.37,0.58,0.36,0.33,0.73,0.91,0.48,0.67,353,566,263 (75%),481 (85%),116,266,147,215,14 (28%),23 (40%),2 (11%),4 (17%),17,21,22,13,1,1,23,20,11,5,3,2,38,37,4,1,51,61,36 (46%),43 (54%),15 (45%),18 (55%),4 (36%),12 (67%),1,0,0,0
4825094,6,Blackburn Rovers,8655,Ipswich Town,9902,1,0,52,48,2,1,1,1,10,15,4,3,11,7,5,2,3,3,3,2,0,0,5,5,6,2,1.41,0.29,0.31,0.27,0.31,0.02,0.62,0.29,1.87,0.61,344,328,283 (82%),271 (83%),157,171,126,100,15 (33%),11 (50%),4 (29%),1 (10%),14,16,16,17,0,3,19,10,10,5,2,3,19,20,3,2,46,38,38 (58%),28 (42%),8 (44%),10 (56%),4 (36%),8 (53%),1,4,0,1
4825115,7,West Bromwich Albion,8659,Leicester City,8197,1,1,41,59,3,1,3,1,13,16,3,3,11,13,4,9,5,1,2,3,0,0,8,7,3,6,2.02,0.92,0.67,0.74,1.36,0.18,2.02,0.92,1.52,0.04,393,557,338 (86%),498 (89%),227,251,111,247,21 (42%),16 (52%),1 (9%),6 (23%),10,16,18,19,4,1,14,8,7,5,3,2,32,17,1,4,46,42,32 (49%),33 (51%),14 (61%),9 (39%),7 (58%),13 (62%),2,5,0,0
4825106,7,Coventry City,8669,Birmingham City,8658,3,0,63,37,5,0,3,0,11,12,3,4,14,5,8,3,5,0,1,2,0,0,12,3,2,2,2.13,0.19,1.15,0.09,0.98,0.10,2.13,0.19,1.82,0.00,507,293,422 (83%),222 (76%),139,171,283,51,22 (39%),21 (41%),4 (24%),2 (18%),32,18,25,6,4,2,16,6,6,11,2,1,16,35,0,3,44,45,34 (61%),22 (39%),10 (30%),23 (70%),7 (70%),5 (31%),1,2,0,1
4825113,7,Swansea City,10003,Millwall,10004,1,1,64,36,1,2,1,1,7,20,6,4,13,11,8,5,2,4,3,2,0,0,9,9,4,2,1.34,0.88,1.01,0.51,0.33,0.37,1.34,0.88,1.12,1.00,543,302,443 (82%),208 (69%),219,102,224,106,25 (38%),23 (33%),6 (30%),3 (21%),25,24,39,23,0,2,16,22,6,15,3,3,24,32,2,1,62,72,45 (56%),35 (44%),17 (31%),37 (69%),12 (55%),6 (43%),1,2,0,0
4825116,7,Wrexham,9841,Derby County,10170,1,1,54,46,2,0,1,0,9,16,4,3,10,5,4,2,5,3,1,0,2,0,5,3,5,2,0.89,0.64,0.57,0.64,0.32,0.00,0.89,0.64,1.22,1.57,447,381,376 (84%),292 (77%),169,176,207,116,23 (46%),24 (36%),5 (19%),3 (25%),22,19,17,18,2,1,20,13,10,7,0,1,30,29,2,4,68,58,44 (58%),32 (42%),24 (48%),26 (52%),8 (62%),10 (56%),1,5,0,0
4825105,7,Charlton Athletic,8451,Blackburn Rovers,8655,3,0,46,54,1,0,1,0,15,11,3,3,16,9,6,4,7,2,3,3,0,0,10,3,6,6,1.47,0.55,0.64,0.43,0.83,0.12,1.47,0.55,1.04,0.14,342,409,252 (74%),316 (77%),123,193,129,123,19 (33%),16 (30%),5 (24%),2 (13%),30,19,35,12,4,2,16,26,10,5,3,3,24,52,2,4,56,73,34 (43%),46 (58%),22 (45%),27 (55%),8 (44%),5 (50%),4,2,0,0
4825107,7,Ipswich Town,9902,Portsmouth,8462,2,1,50,50,3,2,2,1,15,11,5,4,14,7,8,1,5,3,1,3,1,0,10,4,4,3,1.53,0.89,1.36,0.62,0.18,0.27,1.53,0.89,1.51,1.31,375,387,302 (81%),286 (74%),184,178,118,108,21 (46%),28 (33%),4 (21%),3 (18%),22,23,17,13,4,1,14,14,10,9,3,1,35,20,2,3,57,48,30 (49%),31 (51%),27 (61%),17 (39%),5 (38%),3 (33%),1,2,0,0
4825108,7,Oxford United,8653,Sheffield United,8657,0,1,56,44,0,0,0,0,10,13,3,5,14,6,7,3,3,2,4,1,1,0,9,4,5,2,1.14,0.48,0.97,0.39,0.17,0.09,1.14,0.48,0.34,0.90,445,352,332 (75%),232 (66%),144,100,188,132,21 (27%),12 (17%),4 (17%),4 (24%),32,18,36,23,1,1,24,19,5,7,1,4,28,55,1,3,70,52,43 (58%),31 (42%),27 (56%),21 (44%),6 (46%),2 (15%),1,1,0,0
4825109,7,Preston North End,8411,Bristol City,8427,0,0,47,53,0,4,0,4,9,10,2,8,7,19,2,8,2,7,3,4,0,0,6,10,1,9,0.43,2.32,0.34,1.97,0.08,0.35,0.43,2.32,0.91,1.19,345,385,251 (73%),284 (74%),171,122,80,162,17 (28%),18 (33%),1 (8%),5 (25%),19,21,14,33,1,3,15,9,11,8,4,3,35,17,8,2,41,42,27 (56%),21 (44%),14 (40%),21 (60%),4 (36%),3 (38%),4,1,0,0
4825110,7,Sheffield Wednesday,10163,Queens Park Rangers,10172,1,1,50,50,4,2,3,1,12,19,5,4,14,14,7,5,5,5,2,4,0,0,10,11,4,3,1.41,2.17,0.47,0.95,0.94,0.43,1.41,1.38,1.15,2.04,355,368,258 (73%),274 (74%),143,150,115,124,17 (24%),20 (40%),8 (42%),2 (22%),26,29,17,25,0,1,13,12,5,6,4,2,25,33,3,4,50,62,33 (56%),26 (44%),17 (32%),36 (68%),2 (33%),3 (30%),2,2,0,0
4825111,7,Southampton,8466,Middlesbrough,8549,1,1,55,45,1,1,1,1,11,17,6,3,14,7,6,3,2,1,6,3,0,1,6,5,8,2,0.86,0.29,0.32,0.22,0.54,0.07,0.86,0.29,0.77,0.52,509,411,445 (87%),352 (86%),273,214,172,138,14 (38%),19 (50%),3 (21%),2 (13%),13,19,25,14,1,2,25,19,10,9,3,6,27,23,0,1,62,42,51 (61%),33 (39%),11 (55%),9 (45%),9 (53%),4 (31%),1,6,0,0
4825112,7,Stoke City,10194,Norwich City,9850,1,1,58,42,3,2,3,1,11,9,12,1,23,6,8,1,6,3,9,2,1,1,14,6,9,0,1.85,1.32,0.87,1.32,0.98,0.00,1.85,1.32,1.55,1.75,454,344,381 (84%),252 (73%),215,161,166,91,28 (53%),33 (41%),9 (26%),0 (0%),25,14,32,13,3,1,17,30,5,15,2,10,9,45,2,4,55,65,38 (45%),47 (55%),17 (49%),18 (51%),12 (46%),6 (43%),0,3,0,0
4825114,7,Watford,9817,Hull City,8667,2,1,55,45,3,1,3,1,7,16,6,6,21,11,8,6,8,4,5,1,1,1,17,7,4,4,2.82,0.86,2.01,0.83,0.80,0.03,2.82,0.86,2.34,0.54,350,285,280 (80%),196 (69%),121,90,159,106,19 (41%),33 (45%),9 (35%),6 (32%),30,21,32,17,2,3,13,16,7,9,1,6,24,34,3,5,61,41,37 (58%),27 (42%),24 (63%),14 (37%),8 (57%),4 (31%),1,5,0,0
4825117,8,Birmingham City,8658,Sheffield Wednesday,10163,2,2,71,29,2,2,1,0,15,11,10,4,20,5,9,2,5,3,6,0,0,0,12,5,8,0,1.33,0.42,0.89,0.18,0.45,0.23,1.33,0.42,1.59,0.84,506,206,413 (82%),103 (50%),217,50,196,53,23 (42%),16 (18%),9 (26%),5 (33%),24,15,25,9,1,1,7,11,7,4,0,6,36,46,1,3,53,50,19 (40%),29 (60%),34 (62%),21 (38%),2 (22%),4 (57%),3,2,0,0
4825118,8,Blackburn Rovers,8655,Swansea City,10003,1,2,51,49,0,0,0,0,15,13,7,3,14,7,6,1,3,4,5,2,0,0,8,4,6,3,0.56,0.46,0.34,0.36,0.22,0.10,0.56,0.46,0.35,0.61,420,427,312 (74%),336 (79%),168,159,144,177,30 (43%),27 (38%),8 (25%),4 (44%),32,18,29,8,4,2,12,9,9,8,2,4,13,42,2,2,51,46,25 (47%),28 (53%),26 (59%),18 (41%),2 (40%),4 (40%),3,2,0,0
4825119,8,Bristol City,8427,Ipswich Town,9902,1,1,36,64,2,1,1,0,14,11,3,6,13,15,6,7,3,3,4,5,1,1,10,9,3,6,1.48,1.30,1.16,0.29,0.32,0.22,1.48,0.51,0.62,1.03,291,521,207 (71%),443 (85%),114,219,93,224,18 (31%),11 (32%),3 (33%),6 (40%),14,34,25,24,0,3,24,12,10,7,4,4,24,26,2,2,58,48,41 (55%),33 (45%),17 (53%),15 (47%),6 (60%),7 (32%),4,2,0,0
4825121,8,Hull City,8667,Preston North End,8411,2,2,59,41,2,2,0,2,11,9,5,3,10,13,3,4,5,5,2,4,0,0,7,7,3,6,1.75,1.44,1.51,1.11,0.24,0.34,1.75,1.44,2.00,0.92,442,292,342 (77%),205 (70%),204,80,138,125,26 (37%),22 (34%),3 (20%),6 (33%),30,28,15,27,3,3,11,7,1,14,4,2,31,35,3,3,47,51,24 (51%),23 (49%),23 (45%),28 (55%),5 (56%),5 (56%),0,1,0,0
4825122,8,Leicester City,8197,Wrexham,9841,1,1,68,32,1,1,0,1,9,7,7,1,16,9,9,6,1,1,6,2,1,0,10,6,6,3,1.07,0.91,0.80,0.91,0.27,0.00,1.07,0.91,0.51,0.62,682,325,624 (91%),274 (84%),280,183,344,91,16 (64%),28 (53%),7 (29%),1 (8%),17,15,24,17,0,2,10,18,3,9,2,6,19,23,0,0,46,53,33 (47%),37 (53%),13 (45%),16 (55%),16 (57%),10 (91%),3,1,0,0
4825123,8,Middlesbrough,8549,Stoke City,10194,0,0,55,45,0,1,0,1,8,5,5,8,12,18,5,6,4,5,3,7,0,0,7,10,5,8,0.64,1.61,0.59,1.45,0.05,0.16,0.64,1.61,0.46,0.91,488,384,422 (86%),324 (84%),242,188,180,136,26 (50%),34 (60%),1 (5%),4 (16%),20,23,18,19,0,3,17,19,7,13,7,3,23,19,5,4,44,47,30 (48%),32 (52%),14 (48%),15 (52%),8 (57%),6 (46%),2,0,0,0
4825124,8,Sheffield United,8657,Southampton,8466,1,2,48,52,2,2,1,1,14,19,4,5,8,12,2,5,3,5,3,2,0,1,5,9,3,3,0.90,2.02,0.52,0.86,0.38,0.38,0.90,1.24,1.21,2.20,430,471,346 (80%),384 (82%),168,238,178,146,31 (47%),16 (28%),2 (12%),5 (42%),26,11,23,21,3,2,14,14,5,9,2,3,20,37,3,2,53,50,38 (52%),35 (48%),15 (50%),15 (50%),6 (50%),7 (50%),3,4,0,0
4825120,8,Derby County,10170,Charlton Athletic,8451,1,1,60,40,2,0,2,0,11,10,5,2,18,11,7,5,3,3,8,3,0,0,15,10,3,1,1.45,0.65,0.66,0.27,0.79,0.38,1.45,0.65,0.94,0.77,446,304,350 (78%),208 (68%),194,96,156,112,36 (47%),17 (27%),9 (30%),3 (27%),30,26,32,33,1,0,19,19,6,8,2,8,22,42,2,2,67,61,34 (50%),34 (50%),33 (55%),27 (45%),5 (42%),4 (57%),2,0,0,0
4825125,8,Millwall,10004,Coventry City,8669,0,4,63,37,0,5,0,1,9,9,3,3,13,13,8,5,3,5,2,3,1,2,7,11,6,2,1.33,3.60,1.20,2.32,0.13,1.28,1.33,3.60,0.71,3.51,518,301,420 (81%),204 (68%),240,95,180,109,26 (46%),14 (20%),7 (37%),5 (50%),25,28,23,22,6,1,19,10,4,11,2,2,32,19,1,3,56,37,31 (56%),24 (44%),25 (66%),13 (34%),5 (83%),5 (33%),2,2,0,0
4825126,8,Norwich City,9850,West Bromwich Albion,8659,0,1,59,41,3,2,3,1,8,9,4,3,16,5,8,1,5,1,3,3,0,0,10,3,6,2,1.62,0.96,0.96,0.94,0.65,0.01,1.62,0.96,1.39,0.97,558,396,482 (86%),329 (83%),239,224,243,105,27 (53%),25 (44%),8 (27%),2 (18%),24,16,30,13,0,3,18,15,3,5,3,3,9,46,0,4,51,51,35 (51%),33 (49%),16 (47%),18 (53%),8 (53%),11 (55%),1,4,0,0
4825127,8,Portsmouth,8462,Watford,9817,2,2,63,37,0,3,0,1,9,15,3,3,15,12,8,6,5,6,2,0,0,0,10,11,5,1,1.12,1.88,0.85,1.78,0.27,0.10,1.12,1.88,1.16,2.04,456,271,381 (84%),201 (74%),165,111,216,90,25 (43%),12 (23%),8 (28%),2 (13%),29,14,18,18,3,0,12,15,7,12,0,2,27,43,4,3,57,50,33 (55%),27 (45%),24 (51%),23 (49%),7 (50%),4 (44%),2,5,0,0
4825128,8,Queens Park Rangers,10172,Oxford United,8653,0,0,56,44,0,0,0,0,12,11,9,1,13,9,9,7,1,0,3,2,0,0,9,3,4,6,0.77,0.37,0.40,0.24,0.37,0.12,0.77,0.37,0.04,0.00,430,343,338 (79%),253 (74%),193,158,145,95,26 (46%),21 (30%),8 (31%),1 (8%),27,27,26,14,4,2,22,25,11,9,2,2,29,36,0,1,73,63,42 (51%),41 (49%),31 (58%),22 (42%),9 (45%),4 (31%),3,1,0,0
4825140,9,Wrexham,9841,Birmingham City,8658,1,1,41,59,2,3,1,2,4,8,5,5,12,8,1,2,4,3,7,3,0,0,7,5,5,3,1.58,1.46,0.93,1.32,0.65,0.14,1.58,1.46,1.38,1.27,381,559,286 (75%),468 (84%),143,301,143,167,29 (45%),21 (32%),5 (33%),4 (21%),29,18,19,12,3,2,17,16,5,5,3,6,32,23,2,3,49,34,29 (53%),26 (47%),20 (71%),8 (29%),5 (42%),6 (50%),0,2,0,0
4825129,9,Blackburn Rovers,8655,Stoke City,10194,1,1,48,52,1,1,1,0,5,9,7,6,17,11,8,2,5,6,4,3,1,0,11,10,6,1,1.88,0.81,1.40,0.69,0.48,0.13,1.88,0.81,1.75,1.75,383,431,294 (77%),338 (78%),163,191,131,147,15 (29%),22 (39%),5 (22%),1 (7%),14,28,30,21,3,3,12,8,13,4,3,4,32,35,5,4,42,40,27 (56%),21 (44%),15 (44%),19 (56%),7 (64%),8 (73%),2,1,0,0
4825132,9,Hull City,8667,Sheffield United,8657,1,0,38,62,0,3,0,3,13,13,4,9,5,13,2,4,2,4,1,5,0,1,5,9,0,4,0.45,2.52,0.37,0.21,0.08,1.51,0.45,1.73,0.84,1.11,314,486,221 (70%),399 (82%),134,175,87,224,22 (30%),22 (37%),1 (8%),4 (13%),18,23,15,32,1,2,14,14,7,9,7,1,44,22,2,1,51,59,33 (52%),31 (48%),18 (39%),28 (61%),9 (50%),5 (36%),2,2,0,0
4825137,9,Sheffield Wednesday,10163,Coventry City,8669,0,5,52,48,1,7,1,5,9,3,13,8,9,21,7,5,0,10,2,6,0,0,8,19,1,2,1.05,4.94,0.26,2.60,0.78,2.34,1.05,4.94,0.00,4.24,402,384,319 (79%),308 (80%),155,166,164,142,24 (41%),20 (40%),5 (16%),10 (50%),24,17,26,42,1,3,12,20,3,7,5,2,24,42,4,0,47,58,27 (44%),35 (56%),20 (47%),23 (53%),12 (67%),6 (55%),1,1,0,0
4825130,9,Bristol City,8427,Queens Park Rangers,10172,1,2,58,42,3,2,2,0,9,8,4,1,11,8,7,3,1,2,3,3,0,0,7,8,4,0,1.21,0.48,1.03,0.46,0.18,0.02,1.21,0.48,0.95,1.72,507,364,411 (81%),273 (75%),221,144,190,129,16 (35%),22 (36%),9 (38%),3 (23%),35,20,26,25,1,0,10,11,4,9,3,3,41,38,0,0,48,41,26 (53%),23 (47%),22 (55%),18 (45%),9 (56%),5 (50%),5,1,0,0
4825131,9,Derby County,10170,Southampton,8466,1,1,37,63,4,2,3,1,11,9,3,5,9,13,4,4,5,6,0,3,0,0,7,7,2,6,1.36,1.06,1.11,1.00,0.26,0.06,1.36,1.06,2.17,1.40,338,578,266 (79%),501 (87%),116,252,150,249,23 (38%),22 (43%),3 (12%),6 (27%),19,25,11,18,1,2,17,9,7,6,3,0,34,24,5,4,46,36,30 (56%),24 (44%),16 (57%),12 (43%),4 (44%),4 (31%),4,2,0,0
4825134,9,Millwall,10004,West Bromwich Albion,8659,3,0,39,61,3,0,2,0,17,8,4,5,11,10,3,4,4,1,4,5,0,0,5,8,6,2,0.77,0.42,0.60,0.31,0.17,0.11,0.77,0.42,1.60,0.17,318,497,217 (68%),401 (81%),100,268,117,133,26 (33%),24 (38%),6 (38%),3 (18%),22,26,16,22,2,2,21,16,5,12,5,4,27,25,1,1,51,55,31 (42%),42 (58%),20 (61%),13 (39%),2 (18%),9 (75%),1,2,0,0
4825135,9,Portsmouth,8462,Middlesbrough,8549,1,0,38,62,0,1,0,1,13,6,2,8,8,12,2,5,1,1,5,6,0,0,4,7,4,5,0.48,1.00,0.43,0.94,0.05,0.06,0.48,1.00,0.08,0.29,345,557,272 (79%),466 (84%),168,254,104,212,26 (40%),18 (31%),6 (46%),8 (31%),10,21,16,21,0,2,14,16,11,7,6,5,39,17,1,0,34,44,22 (41%),32 (59%),12 (50%),12 (50%),2 (18%),5 (45%),2,1,0,0
4825136,9,Preston North End,8411,Charlton Athletic,8451,2,0,57,43,3,1,2,1,6,9,3,4,15,8,10,6,3,0,2,2,0,0,9,4,6,4,1.81,0.54,1.66,0.36,0.16,0.17,1.81,0.54,1.80,0.00,384,294,278 (72%),198 (67%),130,72,148,126,15 (23%),12 (20%),8 (31%),7 (35%),26,31,23,19,1,7,14,24,7,6,2,2,30,36,0,1,57,47,33 (49%),34 (51%),24 (65%),13 (35%),11 (41%),4 (44%),0,2,0,0
4825138,9,Swansea City,10003,Leicester City,8197,1,3,55,45,4,3,3,2,10,11,2,5,13,17,4,5,7,7,2,5,0,2,7,12,6,5,1.84,1.65,0.51,1.16,0.54,0.49,1.05,1.65,1.32,2.64,500,413,433 (87%),344 (83%),267,182,166,162,24 (44%),20 (48%),4 (24%),1 (8%),20,22,16,24,2,3,18,18,12,6,5,2,26,34,4,6,41,43,34 (51%),33 (49%),7 (41%),10 (59%),5 (31%),5 (33%),2,1,0,0
4825139,9,Watford,9817,Oxford United,8653,2,1,56,44,4,1,3,1,6,9,9,3,27,15,12,6,10,5,5,4,0,0,15,7,12,8,2.65,1.38,2.53,0.84,0.12,0.54,2.65,1.38,3.69,1.61,447,342,367 (82%),268 (78%),186,123,181,145,20 (38%),23 (48%),3 (18%),2 (17%),20,19,29,20,1,0,16,16,13,7,4,5,32,35,5,9,56,45,35 (57%),26 (43%),21 (53%),19 (48%),10 (45%),4 (40%),3,4,0,0
4825133,9,Ipswich Town,9902,Norwich City,9850,3,1,53,47,5,0,3,0,9,15,8,8,19,12,4,4,9,4,6,4,2,0,12,6,7,6,1.80,0.46,1.43,0.33,0.37,0.13,1.80,0.46,3.99,0.33,369,329,287 (78%),245 (74%),182,148,105,97,24 (41%),22 (40%),4 (22%),2 (14%),11,25,23,16,4,1,11,16,8,9,4,6,16,20,3,6,42,49,29 (47%),33 (53%),13 (45%),16 (55%),3 (38%),8 (80%),1,3,0,0
4825145,10,Middlesbrough,8549,Ipswich Town,9902,2,1,48,52,3,3,2,2,12,14,5,9,15,17,6,2,5,5,4,10,0,0,12,10,3,7,2.33,2.15,2.02,1.01,0.30,0.35,2.33,1.36,1.57,1.75,381,407,299 (78%),337 (83%),149,153,150,184,13 (28%),15 (39%),4 (25%),3 (13%),25,13,31,21,2,3,8,9,10,5,10,3,24,27,3,4,36,42,27 (52%),25 (48%),9 (35%),17 (65%),6 (67%),5 (71%),3,1,0,0
4825147,10,Oxford United,8653,Derby County,10170,1,0,49,51,4,0,3,0,9,12,4,12,19,6,8,2,7,1,4,3,0,0,13,4,6,2,2.17,0.25,1.89,0.12,0.28,0.13,2.17,0.25,1.92,0.12,341,336,267 (78%),250 (74%),159,141,108,109,23 (40%),28 (46%),2 (18%),3 (10%),23,21,21,17,1,3,13,16,9,6,3,4,41,19,1,6,53,50,30 (50%),30 (50%),23 (53%),20 (47%),5 (36%),5 (83%),4,1,0,0
4825148,10,Queens Park Rangers,10172,Millwall,10004,1,2,58,42,1,4,0,2,8,13,8,3,20,5,7,0,3,5,10,0,1,0,13,4,7,1,1.87,1.64,1.59,0.90,0.28,0.74,1.87,1.64,1.18,3.49,431,330,326 (76%),211 (64%),141,116,185,95,34 (50%),19 (24%),5 (13%),0 (0%),31,13,46,7,3,2,9,24,4,9,0,9,24,66,3,2,61,56,22 (40%),33 (60%),39 (63%),23 (37%),2 (17%),2 (40%),2,4,0,0
4825150,10,Southampton,8466,Swansea City,10003,0,0,58,42,4,0,4,0,11,14,5,3,21,6,10,2,8,1,3,3,2,0,17,5,4,1,3.10,0.20,2.09,0.07,1.01,0.13,3.10,0.20,1.80,0.05,479,365,410 (86%),277 (76%),230,160,180,117,23 (45%),13 (22%),8 (27%),3 (25%),22,13,42,8,2,3,17,15,7,9,3,3,24,34,1,8,59,41,36 (55%),30 (45%),23 (68%),11 (32%),6 (55%),4 (36%),0,4,0,0
4825141,10,Birmingham City,8658,Hull City,8667,2,3,65,35,3,2,1,1,7,14,9,7,29,14,10,6,8,7,11,1,0,1,15,10,14,4,2.85,1.15,1.57,1.07,0.50,0.08,2.07,1.15,1.53,2.66,502,274,401 (80%),185 (68%),200,102,201,83,24 (39%),22 (32%),7 (23%),4 (29%),21,16,35,22,4,1,11,15,9,11,1,11,17,39,5,6,59,39,30 (56%),24 (44%),29 (66%),15 (34%),7 (47%),2 (18%),2,7,1,0
4825142,10,Charlton Athletic,8451,Sheffield Wednesday,10163,2,1,40,60,2,2,0,1,9,11,2,4,12,12,4,5,5,4,3,3,0,1,8,7,4,5,1.56,1.64,0.91,0.54,0.66,1.10,1.56,1.64,2.13,1.14,294,453,197 (67%),351 (77%),95,175,102,176,21 (31%),15 (25%),3 (19%),7 (39%),27,22,17,25,2,2,17,16,12,3,3,3,29,44,3,3,56,46,33 (52%),30 (48%),23 (59%),16 (41%),5 (33%),5 (45%),1,2,0,1
4825143,10,Coventry City,8669,Blackburn Rovers,8655,2,0,53,47,1,4,1,4,7,15,2,7,14,17,4,7,5,3,5,7,0,0,6,9,8,8,0.88,1.14,0.41,0.71,0.47,0.43,0.88,1.14,0.81,0.57,408,360,302 (74%),270 (75%),147,146,155,124,17 (26%),20 (38%),4 (25%),4 (24%),19,28,13,24,2,5,16,16,6,15,7,5,32,30,3,3,70,65,39 (56%),31 (44%),31 (48%),34 (52%),9 (53%),8 (44%),0,2,0,0
4825146,10,Norwich City,9850,Bristol City,8427,0,1,60,40,2,3,2,2,11,14,3,9,11,21,4,6,4,6,3,9,0,1,5,15,6,6,0.58,2.06,0.56,1.33,0.02,0.72,0.58,2.06,0.67,1.40,545,347,470 (86%),258 (74%),229,136,241,122,28 (52%),17 (33%),2 (13%),3 (18%),24,22,17,28,2,5,13,21,12,16,10,3,28,25,4,4,48,57,38 (49%),39 (51%),10 (36%),18 (64%),11 (42%),7 (47%),2,3,0,0
4825149,10,Sheffield United,8657,Watford,9817,1,0,40,60,3,2,2,2,5,8,7,3,18,13,8,9,6,1,4,3,0,1,12,6,6,7,2.11,1.09,1.56,0.72,0.54,0.38,2.11,1.09,2.50,0.14,346,536,264 (76%),464 (87%),80,281,184,183,18 (37%),23 (49%),9 (41%),3 (19%),19,23,34,16,3,0,18,12,5,5,3,4,27,40,1,4,54,39,29 (55%),24 (45%),25 (63%),15 (38%),5 (38%),7 (47%),0,1,0,0
4825151,10,Stoke City,10194,Wrexham,9841,1,0,56,44,0,1,0,1,8,5,6,4,12,5,4,2,3,3,5,0,1,1,8,4,4,1,0.61,0.59,0.57,0.55,0.03,0.04,0.61,0.59,0.29,0.09,533,418,454 (85%),331 (79%),229,199,225,132,27 (45%),22 (37%),1 (6%),1 (5%),19,19,20,8,2,1,19,16,2,9,0,5,25,26,3,2,33,43,26 (48%),28 (52%),7 (32%),15 (68%),2 (18%),4 (36%),2,0,0,0
4825152,10,West Bromwich Albion,8659,Preston North End,8411,2,1,49,51,2,2,2,1,10,9,8,4,16,17,5,7,6,5,5,5,0,0,10,8,6,9,1.30,1.39,0.84,1.13,0.46,0.25,1.30,1.39,1.74,1.68,416,433,326 (78%),345 (80%),148,186,178,159,21 (34%),17 (26%),4 (19%),4 (19%),11,17,28,16,3,1,12,13,9,10,5,5,34,30,4,4,44,47,26 (50%),26 (50%),18 (46%),21 (54%),6 (50%),5 (45%),2,1,0,0
4825144,10,Leicester City,8197,Portsmouth,8462,1,1,56,44,2,2,1,2,15,9,14,4,19,8,8,5,6,3,5,0,0,1,9,6,10,2,1.53,0.87,1.44,0.71,0.08,0.16,1.53,0.87,1.24,1.37,440,348,374 (85%),261 (75%),195,130,179,131,25 (44%),27 (44%),5 (17%),8 (31%),25,19,19,24,0,2,12,13,12,7,0,4,41,29,2,5,46,57,25 (44%),32 (56%),21 (46%),25 (54%),5 (38%),4 (44%),1,2,0,0
4825153,11,Blackburn Rovers,8655,Sheffield United,8657,1,3,51,49,1,1,0,0,6,10,5,5,12,11,8,1,3,5,1,5,0,0,8,8,4,3,0.82,1.28,0.69,1.17,0.12,0.11,0.82,1.28,1.02,2.37,340,339,245 (72%),238 (70%),103,104,142,134,16 (29%),22 (35%),9 (27%),5 (33%),30,29,22,23,3,2,19,11,12,6,5,1,26,41,3,2,62,52,32 (62%),20 (38%),30 (48%),32 (52%),4 (57%),3 (25%),1,1,0,0
4825155,11,Derby County,10170,Norwich City,9850,1,0,34,66,2,1,2,1,13,7,5,13,8,17,3,7,3,3,2,7,0,1,7,14,1,3,0.95,1.11,0.72,0.81,0.23,0.29,0.95,1.11,1.60,0.63,291,579,223 (77%),502 (87%),108,261,115,241,24 (43%),23 (48%),2 (11%),7 (19%),20,12,18,48,3,3,6,13,9,4,7,2,56,34,3,2,40,62,18 (34%),35 (66%),22 (45%),27 (55%),5 (42%),9 (75%),2,1,0,0
4825156,11,Hull City,8667,Leicester City,8197,2,1,36,64,2,1,1,1,8,12,1,7,9,18,2,10,6,4,1,4,1,1,7,12,2,6,1.52,1.48,1.52,1.11,0.00,0.38,1.52,1.48,3.36,1.12,333,568,247 (74%),490 (86%),141,196,106,294,22 (32%),16 (36%),3 (43%),10 (31%),18,24,16,33,0,0,27,19,14,4,5,1,30,18,2,4,58,50,45 (57%),34 (43%),13 (45%),16 (55%),7 (44%),8 (33%),1,2,0,0
4825157,11,Ipswich Town,9902,Charlton Athletic,8451,0,3,68,32,5,5,5,3,7,11,16,3,31,15,14,7,5,8,12,0,1,0,18,9,13,6,2.31,1.43,1.72,0.60,0.59,0.83,2.31,1.43,1.28,3.22,456,225,379 (83%),147 (65%),172,82,207,65,19 (42%),17 (28%),12 (35%),5 (50%),18,8,42,15,2,2,7,13,8,7,0,11,13,46,5,6,39,40,26 (53%),23 (47%),13 (43%),17 (57%),8 (62%),3 (60%),0,3,0,0
4825158,11,Millwall,10004,Stoke City,10194,2,0,41,59,3,0,2,0,13,7,3,2,15,10,4,5,7,3,4,2,0,0,11,7,4,3,1.48,0.44,0.92,0.40,0.55,0.04,1.48,0.44,2.14,0.26,312,457,202 (65%),351 (77%),80,226,122,125,21 (32%),20 (30%),3 (15%),6 (40%),22,31,27,18,1,2,12,8,11,6,1,4,28,39,3,5,60,60,30 (54%),26 (46%),30 (47%),34 (53%),11 (69%),5 (36%),2,1,0,0
4825159,11,Portsmouth,8462,Coventry City,8669,1,2,57,43,1,3,0,1,5,12,6,5,15,19,6,7,5,7,4,5,2,1,8,15,7,4,0.76,2.58,0.51,1.41,0.25,1.17,0.76,2.58,0.94,2.06,452,340,354 (78%),253 (74%),185,121,169,132,26 (40%),30 (39%),2 (10%),2 (10%),24,21,24,34,2,4,8,12,0,10,7,3,41,47,3,4,38,49,21 (48%),23 (52%),17 (40%),26 (60%),4 (40%),7 (58%),1,1,0,0
4825160,11,Preston North End,8411,Birmingham City,8658,0,1,62,38,2,2,2,1,8,14,9,3,17,9,8,5,6,2,3,2,0,1,13,6,4,3,1.38,0.83,1.02,0.36,0.36,0.47,1.38,0.83,0.45,0.79,455,291,373 (82%),211 (73%),150,143,223,68,34 (58%),17 (25%),10 (22%),5 (31%),27,26,32,13,2,1,15,16,9,3,3,4,21,55,0,5,71,47,31 (53%),28 (47%),40 (68%),19 (32%),4 (50%),4 (33%),2,5,0,0
4825154,11,Bristol City,8427,Southampton,8466,3,1,33,67,3,3,0,2,10,11,2,3,13,14,8,6,4,7,1,1,0,1,7,10,6,4,1.63,2.20,1.45,1.52,0.18,0.69,1.63,2.20,2.67,1.63,260,530,174 (67%),446 (84%),77,214,97,232,16 (34%),15 (38%),1 (10%),3 (20%),25,26,15,16,0,3,17,16,8,10,1,1,29,15,6,1,52,51,32 (46%),37 (54%),20 (59%),14 (41%),4 (40%),11 (52%),1,2,0,0
4825162,11,Swansea City,10003,Queens Park Rangers,10172,0,1,53,47,1,3,1,2,8,9,6,3,11,15,3,5,2,4,6,6,0,1,4,12,7,3,0.40,2.05,0.31,1.86,0.09,0.19,0.40,2.05,0.19,1.07,520,472,452 (87%),411 (87%),245,182,207,229,33 (51%),21 (40%),5 (18%),2 (20%),20,15,19,37,1,4,20,10,4,5,6,6,22,32,3,2,47,34,32 (62%),20 (38%),15 (52%),14 (48%),3 (33%),2 (15%),2,4,1,0
4825163,11,Watford,9817,West Bromwich Albion,8659,2,1,40,60,0,1,0,1,12,8,4,4,18,9,8,4,5,4,5,1,0,0,6,4,12,5,1.22,0.63,0.98,0.51,0.24,0.12,1.22,0.63,0.96,1.35,376,575,312 (83%),498 (87%),151,291,161,207,24 (45%),20 (38%),5 (28%),3 (13%),13,16,18,10,1,0,18,18,11,8,1,5,31,19,4,3,52,45,31 (46%),36 (54%),21 (70%),9 (30%),5 (42%),7 (50%),0,2,0,0
4825164,11,Wrexham,9841,Oxford United,8653,1,0,48,52,1,0,1,0,12,12,6,3,11,6,2,3,6,2,3,1,1,0,11,1,0,5,0.77,0.15,0.26,0.07,0.51,0.07,0.77,0.15,0.70,0.06,386,414,304 (79%),339 (82%),155,195,149,144,21 (40%),28 (48%),4 (22%),0 (0%),22,22,28,12,1,1,10,22,6,7,1,3,34,36,2,5,49,60,28 (42%),39 (58%),21 (50%),21 (50%),7 (44%),6 (67%),3,1,1,0
4825161,11,Sheffield Wednesday,10163,Middlesbrough,8549,0,1,52,48,0,5,0,5,8,4,6,5,11,19,4,7,3,7,4,5,0,0,6,14,5,5,0.70,1.57,0.67,1.29,0.03,0.29,0.70,1.57,1.61,1.99,518,478,428 (83%),399 (83%),236,228,192,171,21 (34%),23 (44%),6 (30%),7 (44%),21,16,19,29,0,4,14,15,9,10,5,4,12,28,6,4,38,49,24 (44%),30 (56%),14 (42%),19 (58%),6 (55%),9 (60%),3,1,0,0
4825174,12,Preston North End,8411,Sheffield United,8657,3,2,46,54,2,3,1,2,14,11,2,4,15,11,8,6,3,3,4,2,0,0,7,8,8,3,1.73,2.35,1.61,1.92,0.12,0.43,1.73,2.35,0.78,1.18,345,414,228 (66%),305 (74%),81,143,147,162,16 (24%),15 (27%),5 (31%),3 (20%),23,29,25,27,0,3,19,17,5,8,2,4,31,31,1,1,62,59,35 (50%),35 (50%),27 (53%),24 (47%),5 (45%),5 (31%),4,1,0,0
4825167,12,Coventry City,8669,Watford,9817,3,1,55,45,3,3,2,2,10,8,5,6,12,13,6,2,3,8,3,3,0,0,6,8,6,5,1.31,2.61,0.54,1.57,0.76,0.25,1.31,1.82,1.86,3.66,457,371,398 (87%),314 (85%),139,217,259,97,18 (42%),27 (59%),2 (12%),2 (15%),19,18,19,22,3,4,19,17,5,4,4,3,26,38,6,0,41,49,31 (48%),34 (52%),10 (40%),15 (60%),4 (57%),7 (44%),3,2,0,1
4825170,12,Ipswich Town,9902,West Bromwich Albion,8659,1,0,54,46,4,1,3,1,12,8,4,5,15,10,7,3,4,1,4,6,0,0,10,4,5,6,2.22,0.39,2.02,0.17,0.20,0.22,2.22,0.39,1.57,0.16,472,401,390 (83%),292 (73%),188,189,202,103,26 (48%),24 (30%),2 (13%),2 (12%),18,12,32,13,0,1,12,26,3,9,6,4,33,29,1,3,40,75,23 (33%),46 (67%),17 (37%),29 (63%),3 (17%),9 (60%),1,1,0,0
4825173,12,Portsmouth,8462,Stoke City,10194,0,1,48,52,4,0,4,0,8,15,6,2,14,11,7,8,3,2,4,1,0,0,10,9,4,2,1.83,0.90,1.05,0.61,0.79,0.29,1.83,0.90,0.84,0.18,327,377,223 (68%),281 (75%),125,173,98,108,24 (31%),27 (34%),6 (23%),3 (33%),21,21,25,10,4,3,9,5,9,7,1,4,18,48,2,3,41,38,27 (60%),18 (40%),14 (41%),20 (59%),4 (80%),5 (71%),2,3,0,0
4825165,12,Blackburn Rovers,8655,Southampton,8466,2,1,51,49,5,3,4,2,13,7,6,5,18,12,7,3,6,5,5,4,1,1,13,9,5,3,3.20,1.67,2.97,1.56,0.23,0.12,3.20,1.67,1.78,1.58,384,380,279 (73%),268 (71%),90,119,189,149,23 (36%),31 (36%),7 (27%),1 (8%),17,33,29,24,1,3,19,17,8,6,4,5,36,28,4,5,69,60,34 (47%),39 (53%),35 (63%),21 (38%),8 (47%),10 (45%),2,1,0,1
